"File","Issues"
"docs\FORMAT_CHECKLIST_QUICK.md","表格分隔行格式不正确 (应使用 :--- 左对齐)"
"docs\README.md","缺少 Rust 版本; 缺少创建日期"
"docs\REFACTORING_COMPLETION_2026_02.md","缺少 Rust 版本; 缺少创建日期; 缺少最后更新日期"
"docs\01_learning\OFFICIAL_RESOURCES_MAPPING.md","缺少最后更新日期; 缺少状态"
"docs\01_learning\README.md","缺少状态"
"docs\02_reference\ALIGNMENT_GUIDE.md","缺少创建日期; 缺少状态"
"docs\02_reference\CROSS_LANGUAGE_COMPARISON.md","缺少最后更新日期; 缺少状态"
"docs\02_reference\EDGE_CASES_AND_SPECIAL_CASES.md","缺少最后更新日期; 缺少状态"
"docs\02_reference\ERROR_CODE_MAPPING.md","缺少 Rust 版本; 缺少最后更新日期; 缺少状态"
"docs\02_reference\README.md","缺少状态"
"docs\02_reference\quick_reference\ai_ml_cheatsheet.md","缺少创建日期; 缺少状态"
"docs\02_reference\quick_reference\algorithms_cheatsheet.md","缺少创建日期; 缺少状态"
"docs\02_reference\quick_reference\ANTI_PATTERN_TEMPLATE.md","缺少 Rust 版本; 缺少最后更新日期; 缺少状态"
"docs\02_reference\quick_reference\async_patterns.md","缺少创建日期; 缺少状态"
"docs\02_reference\quick_reference\cargo_cheatsheet.md","缺少创建日期"
"docs\02_reference\quick_reference\collections_iterators_cheatsheet.md","缺少创建日期"
"docs\02_reference\quick_reference\control_flow_functions_cheatsheet.md","缺少创建日期"
"docs\02_reference\quick_reference\design_patterns_cheatsheet.md","缺少创建日期; 缺少状态"
"docs\02_reference\quick_reference\error_handling_cheatsheet.md","缺少创建日期; 缺少状态"
"docs\02_reference\quick_reference\generics_cheatsheet.md","缺少创建日期; 缺少状态"
"docs\02_reference\quick_reference\macros_cheatsheet.md","缺少创建日期; 缺少状态"
"docs\02_reference\quick_reference\modules_cheatsheet.md","缺少创建日期"
"docs\02_reference\quick_reference\network_programming_cheatsheet.md","缺少创建日期; 缺少状态"
"docs\02_reference\quick_reference\ownership_cheatsheet.md","缺少创建日期; 缺少状态"
"docs\02_reference\quick_reference\process_management_cheatsheet.md","缺少创建日期; 缺少状态"
"docs\02_reference\quick_reference\README.md","缺少创建日期"
"docs\02_reference\quick_reference\smart_pointers_cheatsheet.md","缺少创建日期"
"docs\02_reference\quick_reference\strings_formatting_cheatsheet.md","缺少创建日期"
"docs\02_reference\quick_reference\testing_cheatsheet.md","缺少创建日期"
"docs\02_reference\quick_reference\threads_concurrency_cheatsheet.md","缺少创建日期; 缺少状态"
"docs\02_reference\quick_reference\type_system.md","缺少创建日期; 缺少状态"
"docs\02_reference\quick_reference\wasm_cheatsheet.md","缺少创建日期; 缺少状态"
"docs\04_thinking\README.md","缺少状态"
"docs\05_guides\ADVANCED_TOPICS_DEEP_DIVE.md","缺少 Rust 版本; 缺少创建日期; 缺少状态"
"docs\05_guides\AI_RUST_ECOSYSTEM_GUIDE.md","缺少 Rust 版本; 缺少最后更新日期; 缺少状态"
"docs\05_guides\BEST_PRACTICES.md","缺少 Rust 版本"
"docs\05_guides\CLI_APPLICATIONS_GUIDE.md","缺少 Rust 版本; 缺少最后更新日期; 缺少状态"
"docs\05_guides\CROSS_MODULE_INTEGRATION_EXAMPLES.md","缺少 Rust 版本; 缺少创建日期; 缺少状态"
"docs\05_guides\EMBEDDED_RUST_GUIDE.md","缺少 Rust 版本; 缺少最后更新日期; 缺少状态"
"docs\05_guides\FINAL_DOCUMENTATION_COMPLETION_GUIDE.md","缺少 Rust 版本; 缺少创建日期"
"docs\05_guides\PERFORMANCE_TESTING_REPORT.md","缺少 Rust 版本; 缺少创建日期; 缺少状态"
"docs\05_guides\README.md","缺少状态"
"docs\05_guides\UNSAFE_RUST_GUIDE.md","缺少 Rust 版本; 缺少创建日期; 缺少状态"
"docs\05_guides\workflow\01_workflow_theory.md","缺少 Rust 版本; 缺少创建日期; 缺少最后更新日期; 缺少状态"
"docs\05_guides\workflow\05_workflow_models.md","缺少 Rust 版本; 缺少创建日期; 缺少最后更新日期; 缺少状态"
"docs\06_toolchain\00_rust_2024_edition_learning_impact.md","缺少 Rust 版本; 缺少最后更新日期; 缺少状态"
"docs\06_toolchain\01_compiler_features.md","缺少 Rust 版本; 缺少创建日期; 缺少状态"
"docs\06_toolchain\02_cargo_workspace_guide.md","缺少 Rust 版本; 缺少创建日期; 缺少状态"
"docs\06_toolchain\03_rustdoc_advanced.md","缺少 Rust 版本; 缺少创建日期; 缺少状态"
"docs\06_toolchain\04_rust_1.91_vs_1.90_comparison.md","缺少 Rust 版本; 缺少状态"
"docs\06_toolchain\05_rust_1.93_vs_1.92_comparison.md","缺少 Rust 版本; 缺少状态"
"docs\06_toolchain\06_rust_1.93_compatibility_notes.md","缺少 Rust 版本; 缺少最后更新日期; 缺少状态"
"docs\06_toolchain\07_rust_1.93_full_changelog.md","缺少 Rust 版本; 缺少最后更新日期; 缺少状态"
"docs\06_toolchain\08_rust_version_evolution_1.89_to_1.93.md","缺少 Rust 版本; 缺少最后更新日期; 缺少状态"
"docs\06_toolchain\09_rust_1.93_compatibility_deep_dive.md","缺少 Rust 版本; 缺少最后更新日期; 缺少状态"
"docs\06_toolchain\10_rust_1.89_to_1.93_cumulative_features_overview.md","缺少最后更新日期; 缺少状态"
"docs\06_toolchain\11_rust_1.93_cargo_rustdoc_changes.md","缺少 Rust 版本; 缺少最后更新日期; 缺少状态"
"docs\06_toolchain\README.md","缺少状态"
"docs\07_project\ALIGNMENT_KNOWLEDGE_CRITICAL_EVALUATION_2026_02.md","缺少 Rust 版本; 缺少最后更新日期; 缺少状态"
"docs\07_project\AUTHORITATIVE_ALIGNMENT_CRITICAL_EVALUATION_2026_02.md","缺少 Rust 版本; 缺少状态"
"docs\07_project\DOCUMENTATION_CROSS_REFERENCE_GUIDE.md","缺少 Rust 版本; 缺少创建日期; 缺少状态"
"docs\07_project\DOCUMENTATION_THEME_ORGANIZATION_PLAN.md","缺少 Rust 版本; 缺少最后更新日期"
"docs\07_project\INTERNATIONAL_BENCHMARK_CRITICAL_EVALUATION_2026_02.md","缺少 Rust 版本; 缺少最后更新日期; 缺少状态"
"docs\07_project\MODULE_1.93_ADAPTATION_STATUS.md","缺少最后更新日期; 缺少状态"
"docs\07_project\ONE_PAGE_SUMMARY_TEMPLATE.md","缺少 Rust 版本; 缺少创建日期; 缺少最后更新日期; 缺少状态"
"docs\07_project\PROJECT_CRITICAL_EVALUATION_REPORT_2026_02.md","缺少 Rust 版本; 缺少最后更新日期; 缺少状态"
"docs\07_project\README.md","缺少状态"
"docs\07_project\RUST_RELEASE_TRACKING_CHECKLIST.md","缺少 Rust 版本; 缺少最后更新日期; 缺少状态"
"docs\07_project\TASK_INDEX.md","缺少 Rust 版本"
"docs\archive\README.md","缺少 Rust 版本; 缺少创建日期; 缺少状态"
"docs\archive\process_reports\CRATES_PLAN_100_PERCENT_COMPLETION_2026_02.md","缺少 Rust 版本; 缺少创建日期; 缺少最后更新日期; 缺少状态"
"docs\archive\process_reports\IMPROVEMENT_COMPLETION_SUMMARY_2026_02.md","缺少 Rust 版本; 缺少创建日期; 缺少最后更新日期; 缺少状态"
"docs\archive\process_reports\LINK_FIX_PLAN_2026_02.md","缺少 Rust 版本; 缺少最后更新日期"
"docs\archive\process_reports\PLAN_IMPLEMENTATION_COMPLETION_2026_02.md","缺少 Rust 版本; 缺少创建日期; 缺少最后更新日期"
"docs\archive\process_reports\README.md","缺少 Rust 版本; 缺少创建日期; 缺少状态"
"docs\archive\reports\CARGO_WORKSPACE_PROFILE_GUIDE.md","缺少 Rust 版本; 缺少创建日期; 缺少最后更新日期; 缺少状态"
"docs\archive\reports\RUST_1.91_FEATURES_COMPREHENSIVE.md","缺少 Rust 版本; 缺少状态"
"docs\archive\reports\formal_system_reports\DOCUMENTATION_ENHANCEMENT_REPORT_2025_09_27.md","缺少 Rust 版本; 缺少创建日期; 缺少最后更新日期; 缺少状态"
"docs\archive\reports\formal_system_reports\RUST_1_91_QUICK_REFERENCE.md","缺少 Rust 版本"
"docs\archive\root_completion_reports\ACHIEVEMENT_SUMMARY_2026_01_26.md","缺少 Rust 版本; 缺少创建日期; 缺少最后更新日期"
"docs\archive\root_completion_reports\ARCHIVE_SUMMARY.md","缺少 Rust 版本; 缺少创建日期; 缺少最后更新日期"
"docs\archive\root_completion_reports\ARCHIVE_SUMMARY_2025_12_25.md","缺少 Rust 版本; 缺少创建日期; 缺少最后更新日期"
"docs\archive\root_completion_reports\COMPLETE_100_PERCENT_FINAL_2026_01_26.md","缺少 Rust 版本; 缺少创建日期; 缺少最后更新日期"
"docs\archive\root_completion_reports\COMPLETE_WEEK1_FINAL_REPORT_2025_12_25.md","缺少 Rust 版本; 缺少创建日期; 缺少最后更新日期"
"docs\archive\root_completion_reports\COMPLETION_MILESTONE_2026_01_27.md","缺少 Rust 版本; 缺少创建日期; 缺少最后更新日期"
"docs\archive\root_completion_reports\COMPLETION_STATUS_UPDATE_2026_01_26.md","缺少 Rust 版本; 缺少创建日期; 缺少最后更新日期"
"docs\archive\root_completion_reports\COMPLETION_SUMMARY_2025_12_25.md","缺少 Rust 版本"
"docs\archive\root_completion_reports\COMPLETION_SUMMARY_2026_01_26.md","缺少 Rust 版本; 缺少创建日期; 缺少最后更新日期"
"docs\archive\root_completion_reports\COMPREHENSIVE_PROGRESS_REPORT_2025_12_25.md","缺少 Rust 版本"
"docs\archive\root_completion_reports\COMPREHENSIVE_PUSH_TO_100_SUMMARY_2026_01_26.md","缺少 Rust 版本; 缺少创建日期; 缺少最后更新日期"
"docs\archive\root_completion_reports\CONTINUOUS_PROGRESS_REPORT_2025_12_25.md","缺少 Rust 版本; 缺少创建日期; 缺少最后更新日期"
"docs\archive\root_completion_reports\CONTINUOUS_PROGRESS_WEEK2_2025_12_25.md","缺少 Rust 版本; 缺少创建日期; 缺少最后更新日期"
"docs\archive\root_completion_reports\CONTINUOUS_PUSH_FINAL_2026_01_26.md","缺少 Rust 版本; 缺少创建日期; 缺少最后更新日期"
"docs\archive\root_completion_reports\CONTINUOUS_PUSH_SUMMARY_2026_01_26.md","缺少 Rust 版本; 缺少创建日期; 缺少最后更新日期"
"docs\archive\root_completion_reports\DOC_TEST_ENHANCEMENT_SUMMARY_2026_01_26.md","缺少 Rust 版本; 缺少创建日期; 缺少最后更新日期"
"docs\archive\root_completion_reports\FINAL_100_PERCENT_ACHIEVEMENT_2026_01_26.md","缺少 Rust 版本; 缺少创建日期; 缺少最后更新日期"
"docs\archive\root_completion_reports\FINAL_100_PERCENT_COMPLETE_2026_01_26.md","缺少 Rust 版本; 缺少创建日期; 缺少最后更新日期"
"docs\archive\root_completion_reports\FINAL_100_PERCENT_COMPLETION_2026_01_26.md","缺少 Rust 版本; 缺少创建日期; 缺少最后更新日期"
"docs\archive\root_completion_reports\FINAL_100_PERCENT_COMPLETION_REPORT_2026_01_27.md","缺少 Rust 版本; 缺少创建日期; 缺少最后更新日期"
"docs\archive\root_completion_reports\FINAL_100_PERCENT_PUSH_SUMMARY_2026_01_26.md","缺少 Rust 版本; 缺少创建日期; 缺少最后更新日期"
"docs\archive\root_completion_reports\FINAL_100_PERCENT_PUSH_SUMMARY_2026_01_27.md","缺少 Rust 版本; 缺少创建日期; 缺少最后更新日期"
"docs\archive\root_completion_reports\FINAL_ACHIEVEMENT_REPORT_2025_12_25.md","缺少 Rust 版本; 缺少创建日期; 缺少最后更新日期"
"docs\archive\root_completion_reports\FINAL_COMPLETION_REPORT_2025_12_25.md","缺少 Rust 版本; 缺少创建日期; 缺少最后更新日期"
"docs\archive\root_completion_reports\FINAL_COMPLETION_REPORT_2026_01_26.md","缺少 Rust 版本; 缺少创建日期; 缺少最后更新日期"
"docs\archive\root_completion_reports\FINAL_COMPLETION_STATUS_2025_12_25.md","缺少 Rust 版本"
"docs\archive\root_completion_reports\FINAL_PROGRESS_REPORT_2025_12_25.md","缺少 Rust 版本; 缺少创建日期; 缺少最后更新日期"
"docs\archive\root_completion_reports\FINAL_PUSH_100_PERCENT_COMPLETE_2026_01_26.md","缺少 Rust 版本; 缺少创建日期; 缺少最后更新日期"
"docs\archive\root_completion_reports\FINAL_PUSH_COMPLETE_2026_01_26.md","缺少 Rust 版本; 缺少创建日期; 缺少最后更新日期"
"docs\archive\root_completion_reports\FINAL_PUSH_COMPLETE_SUMMARY_2026_01_27.md","缺少 Rust 版本; 缺少创建日期; 缺少最后更新日期"
"docs\archive\root_completion_reports\FINAL_PUSH_COMPLETION_SUMMARY_2026_01_26.md","缺少 Rust 版本; 缺少创建日期; 缺少最后更新日期"
"docs\archive\root_completion_reports\FINAL_PUSH_PROGRESS_2026_01_26.md","缺少 Rust 版本; 缺少创建日期; 缺少最后更新日期"
"docs\archive\root_completion_reports\FINAL_PUSH_STATUS_2026_01_26.md","缺少 Rust 版本; 缺少创建日期; 缺少最后更新日期"
"docs\archive\root_completion_reports\FINAL_PUSH_TO_100_COMPLETE_2026_01_26.md","缺少 Rust 版本; 缺少创建日期; 缺少最后更新日期"
"docs\archive\root_completion_reports\FINAL_PUSH_TO_100_COMPLETE_2026_01_27.md","缺少 Rust 版本; 缺少创建日期; 缺少最后更新日期"
"docs\archive\root_completion_reports\FINAL_PUSH_TO_100_COMPLETE_2026_01_27_V2.md","缺少 Rust 版本; 缺少创建日期; 缺少最后更新日期"
"docs\archive\root_completion_reports\FINAL_PUSH_TO_100_PERCENT_2026_01_26.md","缺少 Rust 版本; 缺少创建日期; 缺少最后更新日期"
"docs\archive\root_completion_reports\FINAL_PUSH_UPDATE_2026_01_26.md","缺少 Rust 版本; 缺少创建日期; 缺少最后更新日期"
"docs\archive\root_completion_reports\FINAL_STATUS_SUMMARY_2026_01_27.md","缺少 Rust 版本; 缺少创建日期; 缺少最后更新日期"
"docs\archive\root_completion_reports\FINAL_TEST_COVERAGE_COMPLETE_2026_01_26.md","缺少 Rust 版本; 缺少创建日期; 缺少最后更新日期"
"docs\archive\root_completion_reports\FINAL_WEEK1_SUMMARY_2025_12_25.md","缺少 Rust 版本; 缺少创建日期; 缺少最后更新日期"
"docs\archive\root_completion_reports\FUZZ_TESTING_SETUP_2026_01_26.md","缺少 Rust 版本; 缺少创建日期; 缺少最后更新日期"
"docs\archive\root_completion_reports\MASTER_COMPLETION_REPORT_2025_12_25.md","缺少 Rust 版本; 缺少创建日期; 缺少最后更新日期"
"docs\archive\root_completion_reports\MODULE_FEATURES_ENHANCEMENT_PLAN_2026_01_26.md","缺少 Rust 版本; 缺少创建日期; 缺少最后更新日期"
"docs\archive\root_completion_reports\PROGRESS_TO_100_PERCENT_2026_01_26.md","缺少 Rust 版本; 缺少创建日期; 缺少最后更新日期"
"docs\archive\root_completion_reports\PROGRESS_UPDATE_2026_01_26.md","缺少 Rust 版本; 缺少创建日期; 缺少最后更新日期"
"docs\archive\root_completion_reports\PROGRESS_UPDATE_2026_01_27.md","缺少 Rust 版本; 缺少创建日期; 缺少最后更新日期"
"docs\archive\root_completion_reports\PROGRESS_UPDATE_FINAL_2026_01_27.md","缺少 Rust 版本; 缺少创建日期; 缺少最后更新日期"
"docs\archive\root_completion_reports\PROJECT_100_PERCENT_COMPLETE_2026_01_26.md","缺少 Rust 版本; 缺少创建日期; 缺少最后更新日期"
"docs\archive\root_completion_reports\PROJECT_100_PERCENT_FINAL_STATUS_2026_01_27.md","缺少 Rust 版本; 缺少创建日期; 缺少最后更新日期"
"docs\archive\root_completion_reports\PROJECT_COMPLETION_100_PERCENT_FINAL_2026_01_27.md","缺少 Rust 版本; 缺少创建日期; 缺少最后更新日期"
"docs\archive\root_completion_reports\PROJECT_COMPLETION_STATUS_2025_12_25.md","缺少 Rust 版本; 缺少创建日期; 缺少最后更新日期"
"docs\archive\root_completion_reports\PUSH_TO_100_COMPLETION_PLAN_2026_01_26.md","缺少 Rust 版本; 缺少创建日期; 缺少最后更新日期"
"docs\archive\root_completion_reports\PUSH_TO_100_FINAL_REPORT_2026_01_26.md","缺少 Rust 版本; 缺少创建日期; 缺少最后更新日期"
"docs\archive\root_completion_reports\PUSH_TO_100_FINAL_STATUS_2026_01_26.md","缺少 Rust 版本; 缺少创建日期; 缺少最后更新日期"
"docs\archive\root_completion_reports\PUSH_TO_100_FINAL_UPDATE_2026_01_26.md","缺少 Rust 版本; 缺少创建日期; 缺少最后更新日期"
"docs\archive\root_completion_reports\PUSH_TO_100_NEAR_COMPLETE_2026_01_26.md","缺少 Rust 版本; 缺少创建日期; 缺少最后更新日期"
"docs\archive\root_completion_reports\PUSH_TO_100_PROGRESS_UPDATE_2026_01_26.md","缺少 Rust 版本; 缺少创建日期; 缺少最后更新日期"
"docs\archive\root_completion_reports\PUSH_TO_100_SUMMARY_FINAL_2026_01_26.md","缺少 Rust 版本; 缺少创建日期; 缺少最后更新日期"
"docs\archive\root_completion_reports\PUSH_UPDATE_2026_01_26.md","缺少 Rust 版本; 缺少创建日期; 缺少最后更新日期"
"docs\archive\root_completion_reports\README.md","缺少 Rust 版本; 缺少创建日期; 缺少最后更新日期; 缺少状态"
"docs\archive\root_completion_reports\RESEARCH_TASKS_ENHANCEMENT_PLAN_2026_01_26.md","缺少 Rust 版本; 缺少创建日期; 缺少最后更新日期"
"docs\archive\root_completion_reports\TASK_PROGRESS_UPDATE_2025_12_25.md","缺少 Rust 版本; 缺少创建日期; 缺少最后更新日期"
"docs\archive\root_completion_reports\TASK_PROGRESS_UPDATE_2025_12_25_V2.md","缺少 Rust 版本; 缺少创建日期; 缺少最后更新日期"
"docs\archive\root_completion_reports\TEST_CASES_ENHANCEMENT_PLAN_2026_01_26.md","缺少 Rust 版本; 缺少创建日期; 缺少最后更新日期"
"docs\archive\root_completion_reports\TEST_COVERAGE_100_PERCENT_COMPLETE_2026_01_26.md","缺少 Rust 版本; 缺少创建日期; 缺少最后更新日期"
"docs\archive\root_completion_reports\TEST_COVERAGE_ENHANCEMENT_PLAN_2026_01_26.md","缺少 Rust 版本; 缺少创建日期; 缺少最后更新日期"
"docs\archive\root_completion_reports\ULTIMATE_100_PERCENT_ACHIEVEMENT_2026_01_26.md","缺少 Rust 版本; 缺少创建日期; 缺少最后更新日期"
"docs\archive\root_completion_reports\ULTIMATE_100_PERCENT_ACHIEVEMENT_2026_01_27.md","缺少 Rust 版本; 缺少创建日期; 缺少最后更新日期"
"docs\archive\root_completion_reports\ULTIMATE_100_PERCENT_COMPLETION_ROADMAP_2026_01_26.md","缺少 Rust 版本; 缺少创建日期; 缺少最后更新日期"
"docs\archive\root_completion_reports\ULTIMATE_COMPLETION_REPORT_2025_12_25.md","缺少 Rust 版本"
"docs\archive\root_completion_reports\ULTIMATE_COMPLETION_REPORT_2026_01_26.md","缺少 Rust 版本; 缺少创建日期; 缺少最后更新日期"
"docs\archive\root_completion_reports\ULTIMATE_COMPLETION_SUMMARY_2026_01_27.md","缺少 Rust 版本; 缺少创建日期; 缺少最后更新日期"
"docs\archive\root_completion_reports\ULTIMATE_PUSH_TO_100_SUMMARY_2026_01_26.md","缺少 Rust 版本; 缺少创建日期; 缺少最后更新日期"
"docs\archive\root_completion_reports\ULTIMATE_TEST_COVERAGE_ACHIEVEMENT_2026_01_26.md","缺少 Rust 版本; 缺少创建日期; 缺少最后更新日期"
"docs\archive\root_completion_reports\WEEK1_ACHIEVEMENT_SUMMARY_2025_12_25.md","缺少 Rust 版本; 缺少创建日期; 缺少最后更新日期"
"docs\archive\root_completion_reports\WEEK1_ALL_COMPLETE_2025_12_25.md","缺少 Rust 版本; 缺少创建日期"
"docs\archive\root_completion_reports\WEEK1_COMPLETE_ALL_TASKS_2025_12_25.md","缺少 Rust 版本; 缺少创建日期; 缺少最后更新日期"
"docs\archive\root_completion_reports\WEEK1_COMPLETE_FINAL_2025_12_25.md","缺少 Rust 版本; 缺少创建日期; 缺少最后更新日期"
"docs\archive\root_completion_reports\WEEK1_COMPLETE_STATUS_FINAL_2025_12_25.md","缺少 Rust 版本; 缺少创建日期; 缺少最后更新日期"
"docs\archive\root_completion_reports\WEEK1_COMPLETE_SUMMARY_FINAL_2025_12_25.md","缺少 Rust 版本; 缺少创建日期; 缺少最后更新日期"
"docs\archive\root_completion_reports\WEEK1_COMPLETION_SUMMARY_2025_12_25.md","缺少 Rust 版本; 缺少创建日期; 缺少最后更新日期"
"docs\archive\root_completion_reports\WEEK1_FINAL_COMPLETION_STATUS_2025_12_25.md","缺少 Rust 版本; 缺少创建日期; 缺少最后更新日期"
"docs\archive\root_completion_reports\WEEK2_COMPLETE_SUMMARY_2025_12_25.md","缺少创建日期"
"docs\archive\root_completion_reports\WEEK2_COMPLETION_SUMMARY_2025_12_25.md","缺少 Rust 版本; 缺少创建日期; 缺少最后更新日期"
"docs\archive\root_completion_reports\WEEK2_DOCUMENTATION_COMPLETE_2025_12_25.md","缺少 Rust 版本; 缺少创建日期"
"docs\archive\root_completion_reports\WEEK2_FINAL_COMPLETION_2025_12_25.md","缺少 Rust 版本; 缺少创建日期; 缺少最后更新日期"
"docs\archive\root_completion_reports\WEEK2_MID_PRIORITY_PROGRESS_2025_12_25.md","缺少 Rust 版本; 缺少创建日期"
"docs\archive\root_completion_reports\WEEK2_PROGRESS_UPDATE_2025_12_25.md","缺少 Rust 版本; 缺少创建日期; 缺少最后更新日期"
"docs\archive\spell_check\SPELL_CHECK_CONFIGURATION.md","缺少 Rust 版本; 缺少创建日期"
"docs\archive\spell_check\SPELL_CHECK_FINAL_COMPLETION.md","缺少 Rust 版本; 缺少创建日期; 缺少最后更新日期"
"docs\archive\spell_check\SPELL_CHECK_SETUP_SUMMARY.md","缺少 Rust 版本; 缺少创建日期"
"docs\archive\spell_check\SPELL_CHECK_SUPPLEMENT_REPORT.md","缺少 Rust 版本; 缺少创建日期; 缺少最后更新日期"
"docs\archive\temp\FORMAL_AND_PRACTICAL_NAVIGATION.md","缺少 Rust 版本; 缺少最后更新日期"
"docs\archive\temp\QUICK_REFERENCE.md","缺少 Rust 版本; 缺少创建日期; 缺少状态"
"docs\archive\temp\QUICK_START_KNOWLEDGE_SYSTEM.md","缺少 Rust 版本; 缺少最后更新日期; 缺少状态"
"docs\archive\temp\QUICK_START_SPELL_CHECK.md","缺少 Rust 版本; 缺少创建日期; 缺少最后更新日期"
"docs\archive\temp\REFERENCE_VALIDITY_MODEL_ALIGNMENT.md","缺少 Rust 版本; 缺少创建日期; 缺少最后更新日期; 缺少状态"
"docs\archive\temp\swap\RUST_189_VERSION_NOTICE_TEMPLATE.md","缺少 Rust 版本; 缺少创建日期; 缺少最后更新日期; 缺少状态"
"docs\archive\temp\swap\RUST_190_FAQ.md","缺少 Rust 版本; 缺少创建日期; 缺少状态"
"docs\archive\temp\swap\RUST_190_GLOSSARY.md","缺少 Rust 版本; 缺少创建日期; 缺少状态"
"docs\archive\temp\swap\RUST_190_QUICK_NAVIGATION.md","缺少 Rust 版本; 缺少创建日期; 缺少状态"
"docs\archive\version_reports\README.md","缺少 Rust 版本; 缺少创建日期; 缺少状态"
"docs\archive\version_reports\RUST_192_THINKING_REPRESENTATION_COMPLETION.md","缺少创建日期"
"docs\backup\rust_logic_view.md","缺少 Rust 版本; 缺少创建日期; 缺少最后更新日期; 缺少状态"
"docs\research_notes\00_COMPREHENSIVE_SUMMARY.md","缺少状态"
"docs\research_notes\00_ORGANIZATION_AND_NAVIGATION.md","缺少状态"
"docs\research_notes\ARGUMENTATION_CHAIN_AND_FLOW.md","缺少状态"
"docs\research_notes\CHANGELOG.md","表格分隔行格式不正确 (应使用 :--- 左对齐)"
"docs\research_notes\COQ_ISABELLE_PROOF_SCAFFOLDING.md","缺少状态"
"docs\research_notes\COQ_OF_RUST_INTEGRATION_PLAN.md","缺少状态"
"docs\research_notes\CORE_THEOREMS_EN_SUMMARY.md","缺少 Rust 版本; 缺少创建日期; 缺少最后更新日期; 缺少状态"
"docs\research_notes\CORE_THEOREMS_FULL_PROOFS.md","缺少状态"
"docs\research_notes\EXECUTABLE_SEMANTICS_ROADMAP.md","缺少状态"
"docs\research_notes\FEATURE_TEMPLATE.md","缺少状态"
"docs\research_notes\FORMAL_FULL_MODEL_EN_SUMMARY.md","缺少 Rust 版本; 缺少创建日期; 缺少最后更新日期; 缺少状态"
"docs\research_notes\FORMAL_FULL_MODEL_OVERVIEW.md","缺少状态"
"docs\research_notes\FORMAL_LANGUAGE_AND_PROOFS.md","缺少状态"
"docs\research_notes\INCREMENTAL_UPDATE_FLOW.md","缺少状态"
"docs\research_notes\RESEARCH_NOTES_CRITICAL_ANALYSIS_AND_IMPROVEMENT_PLAN.md","缺少状态"
"docs\research_notes\RESEARCH_PILLARS_AND_SUSTAINABLE_PLAN.md","缺少状态"
"docs\research_notes\RUSTBELT_ALIGNMENT.md","缺少状态"
"docs\research_notes\software_design_theory\03_execution_models\06_boundary_analysis.md","缺少状态"
"docs\research_notes\software_design_theory\04_compositional_engineering\01_formal_composition.md","缺少状态"
"docs\research_notes\software_design_theory\04_compositional_engineering\02_effectiveness_proofs.md","缺少状态"
"docs\research_notes\software_design_theory\04_compositional_engineering\03_integration_theory.md","缺少状态"
"docs\research_notes\software_design_theory\05_boundary_system\expressive_inexpressive_matrix.md","缺少状态"
"docs\research_notes\software_design_theory\05_boundary_system\safe_unsafe_matrix.md","缺少状态"
"docs\research_notes\software_design_theory\05_boundary_system\supported_unsupported_matrix.md","缺少状态"
"docs\rust-formal-engineering-system\00_master_index.md","缺少状态"
"docs\rust-formal-engineering-system\README.md","缺少状态"
"docs\rust-formal-engineering-system\01_theoretical_foundations\README.md","缺少 Rust 版本; 缺少创建日期; 缺少最后更新日期; 缺少状态"
"docs\rust-formal-engineering-system\01_theoretical_foundations\01_type_system\06_variance.md","缺少 Rust 版本; 缺少创建日期; 缺少最后更新日期; 缺少状态"
"docs\rust-formal-engineering-system\01_theoretical_foundations\01_type_system\README.md","缺少 Rust 版本; 缺少创建日期; 缺少最后更新日期; 缺少状态"
"docs\rust-formal-engineering-system\01_theoretical_foundations\02_memory_safety\README.md","缺少 Rust 版本; 缺少创建日期; 缺少最后更新日期; 缺少状态"
"docs\rust-formal-engineering-system\01_theoretical_foundations\02_ownership_system\README.md","缺少 Rust 版本; 缺少创建日期; 缺少最后更新日期; 缺少状态"
"docs\rust-formal-engineering-system\01_theoretical_foundations\03_ownership_borrowing\README.md","缺少 Rust 版本; 缺少创建日期; 缺少最后更新日期; 缺少状态"
"docs\rust-formal-engineering-system\01_theoretical_foundations\05_trait_system\README.md","缺少 Rust 版本; 缺少创建日期; 缺少最后更新日期; 缺少状态"
"docs\rust-formal-engineering-system\01_theoretical_foundations\06_lifetime_management\README.md","缺少 Rust 版本; 缺少创建日期; 缺少最后更新日期; 缺少状态"
"docs\rust-formal-engineering-system\02_practical_applications\memory\README.md","缺少 Rust 版本; 缺少创建日期; 缺少最后更新日期; 缺少状态"
"docs\rust-formal-engineering-system\02_practical_applications\performance\README.md","缺少 Rust 版本; 缺少创建日期; 缺少最后更新日期; 缺少状态"
"docs\rust-formal-engineering-system\02_programming_paradigms\11_benchmark_minimal_guide.md","缺少 Rust 版本; 缺少创建日期; 缺少最后更新日期; 缺少状态"
"docs\rust-formal-engineering-system\02_programming_paradigms\01_synchronous\README.md","缺少 Rust 版本; 缺少创建日期; 缺少最后更新日期; 缺少状态"
"docs\rust-formal-engineering-system\02_programming_paradigms\02_async\README.md","缺少 Rust 版本; 缺少创建日期; 缺少最后更新日期; 缺少状态"
"docs\rust-formal-engineering-system\02_programming_paradigms\09_actor_model\README.md","缺少 Rust 版本; 缺少创建日期; 缺少最后更新日期; 缺少状态"
"docs\rust-formal-engineering-system\03_compiler_theory\README.md","缺少 Rust 版本; 缺少创建日期; 缺少最后更新日期; 缺少状态"
"docs\rust-formal-engineering-system\03_design_patterns\README.md","缺少 Rust 版本; 缺少创建日期; 缺少最后更新日期; 缺少状态"
"docs\rust-formal-engineering-system\03_design_patterns\04_concurrent\README.md","缺少 Rust 版本; 缺少创建日期; 缺少最后更新日期; 缺少状态"
"docs\rust-formal-engineering-system\05_software_engineering\07_testing\README.md","缺少 Rust 版本; 缺少创建日期; 缺少最后更新日期; 缺少状态"
"docs\rust-formal-engineering-system\06_toolchain_ecosystem\README.md","缺少 Rust 版本; 缺少创建日期; 缺少最后更新日期; 缺少状态"
"docs\rust-formal-engineering-system\06_toolchain_ecosystem\01_compiler\README.md","缺少 Rust 版本; 缺少创建日期; 缺少最后更新日期; 缺少状态"
"docs\rust-formal-engineering-system\06_toolchain_ecosystem\02_package_manager\README.md","缺少 Rust 版本; 缺少创建日期; 缺少最后更新日期; 缺少状态"
"docs\rust-formal-engineering-system\06_toolchain_ecosystem\03_build_tools\README.md","缺少 Rust 版本; 缺少创建日期; 缺少最后更新日期; 缺少状态"
"docs\rust-formal-engineering-system\09_research_agenda\04_research_methods\README.md","缺少 Rust 版本; 缺少创建日期; 缺少最后更新日期; 缺少状态"
